{
  "x": {
    "T_avg": [
      34.69688805258132,
      10.621309711404729
    ],
    "PCP": [
      0.2832093534351692,
      1.762963254259567
    ],
    "AP": [
      1002.7978105203376,
      8.986830443027618
    ],
    "RH": [
      15.775716307069345,
      11.682629776834911
    ],
    "WS": [
      2.7780152808424354,
      1.4013371698185035
    ]
  },
  "y": {
    "T_avg": [
      27.376957034349957,
      6.379418517744251
    ],
    "PCP": [
      0.15145380612602988,
      1.4789218629893364
    ],
    "AP": [
      999.3296522897142,
      12.687789034763767
    ],
    "RH": [
      53.83133985890623,
      18.67920241303856
    ],
    "WS": [
      4.000886380852779,
      1.711261241836538
    ]
  }
}