{
  "x": {
    "T_avg": [
      28.859175672913942,
      7.6840602568495
    ],
    "PCP": [
      0.0692970436425821,
      0.9043737958643413
    ],
    "AP": [
      1009.9188325803462,
      8.92226227199574
    ],
    "RH": [
      32.38305003785646,
      14.883629255400194
    ],
    "WS": [
      3.2023310273201075,
      1.9317877290401115
    ]
  },
  "y": {
    "T_avg": [
      27.376957034349957,
      6.379418517744251
    ],
    "PCP": [
      0.15145380612602988,
      1.4789218629893364
    ],
    "AP": [
      999.3296522897142,
      12.687789034763767
    ],
    "RH": [
      53.83133985890623,
      18.67920241303856
    ],
    "WS": [
      4.000886380852779,
      1.711261241836538
    ]
  }
}